,log2_MRL_2hpf,log2_MRL_4hpf,log2_MRL_6hpf,log2_MRL_10hpf,diff_log2_MRL_4-2hpf,diff_log2_MRL_6-2hpf,diff_log2_MRL_10-2hpf,diff_log2_TPM_input_4-2hpf,diff_log2_TPM_input_6-2hpf,diff_log2_TPM_input_10-2hpf
0,0.7004233355619323,0.8245223726524521,0.6386134531776115,0.8505723658520734,0.16249009247290155,0.4010123569761015,0.5128417144629861,0.6748105351868324,0.6693178261931988,0.3040004934362402
