,log2_MRL_2hpf,log2_MRL_4hpf,log2_MRL_6hpf,log2_MRL_10hpf,Δlog2_MRL_4-2hpf,Δlog2_MRL_6-2hpf,Δlog2_MRL_10-2hpf,Δlog2_X_2hpf,Δlog2_X_4hpf,Δlog2_X_6hpf,Δlog2_X_10hpf,log2_X_2hpf,log2_X_4hpf,log2_X_6hpf,log2_X_10hpf
0,0.7001044806009554,0.8237444243381137,0.6375606323061519,0.8492437267156249,0.16251715890888369,0.40037292031360067,0.5116695568011433,0.3785354942593437,0.6724274420080251,0.8622016898023831,0.7685451397254239,0.3785354942593437,0.0550798701881912,0.6876375594077243,0.019107280524659775
