,log2_MRL_2hpf,log2_MRL_4hpf,log2_MRL_6hpf,log2_MRL_10hpf,Δlog2_X_2hpf,Δlog2_X_4hpf,Δlog2_X_6hpf,Δlog2_X_10hpf
a0,6.996463573497785,7.824405198541157,5.928623263813315,8.706624600537733,-0.44505307189987847,-1.6892967274996948,0.1628452731039799,-3.4751690822719405
a1,-0.04121892704752641,-0.05167986130952925,-0.03044796251660577,-0.06321598082566757,-0.022210144612402914,0.016403951150988937,-0.023557442748203143,0.02607570575069392
a2,9.224316360324512e-05,0.00012573780216719086,7.264914849644988e-05,0.0001358985623127875,6.719978891496995e-05,-5.14284520831107e-05,5.396513361790965e-05,-6.230940560374975e-05
